ID,NoPaidPer,RiskRate,int_rc
10001,0.09788245,0.12,0.12
10002,0.064574,0.12,0.12
10003,0.010499778,0.12,0.12
10004,0.03961282,0.12,0.12
10005,0.050012138,0.12,0.12
10006,0.1349217,0.12,0.12
10007,0.1159808,0.12,0.12
10008,7.464544e-05,0.12,0.12
10009,0.12690856,0.12,0.12
10010,0.18607678,0.14886142,0.14886142
10011,0.000730389,0.12,0.12
10012,0.08482088,0.12,0.12
10013,0.00045919712,0.12,0.12
10014,0.0055025034,0.12,0.12
10015,0.14776915,0.12,0.12
10016,0.07309719,0.12,0.12
10017,0.030041786,0.12,0.12
10018,0.0038444647,0.12,0.12
10019,0.16977765,0.13582212,0.13582212
10020,0.12236564,0.12,0.12
10021,0.15091419,0.120731354,0.120731354
10022,0.03838234,0.12,0.12
10023,0.10421736,0.12,0.12
10024,0.013354141,0.12,0.12
10025,0.005127936,0.12,0.12
10026,0.16089664,0.12871732,0.12871732
10027,0.060967065,0.12,0.12
10028,0.17348905,0.13879125,0.13879125
10029,0.17765808,0.14212647,0.14212647
10030,0.055583857,0.12,0.12
10031,0.123162806,0.12,0.12
10032,0.15433127,0.12346502,0.12346502
10033,0.18288694,0.14630955,0.14630955
10034,0.18543406,0.14834724,0.14834724
10035,0.07667657,0.12,0.12
10036,0.14463644,0.12,0.12
10037,0.0624325,0.12,0.12
10038,0.050123923,0.12,0.12
10039,0.16897286,0.1351783,0.1351783
10040,0.00043296313,0.12,0.12
10041,0.022541277,0.12,0.12
10042,0.013497627,0.12,0.12
10043,0.011872925,0.12,0.12
10044,0.0026172455,0.12,0.12
10045,0.15644197,0.12515359,0.12515359
10046,0.00029654545,0.12,0.12
10047,0.053571105,0.12,0.12
10048,0.1327653,0.12,0.12
10049,0.097223476,0.12,0.12
10050,0.00061466004,0.12,0.12
10051,0.03383567,0.12,0.12
10052,0.043455236,0.12,0.12
10053,0.05731118,0.12,0.12
10054,0.16148241,0.12918593,0.12918593
10055,0.042711336,0.12,0.12
10056,0.16403492,0.13122794,0.13122794
10057,0.00035501414,0.12,0.12
10058,0.07059818,0.12,0.12
10059,0.016709512,0.12,0.12
10060,0.005347845,0.12,0.12
10061,0.100145586,0.12,0.12
10062,0.0016606924,0.12,0.12
10063,0.047413424,0.12,0.12
10064,0.033867527,0.12,0.12
10065,0.16416864,0.13133492,0.13133492
10066,0.052467823,0.12,0.12
10067,0.00034524544,0.12,0.12
10068,0.15801334,0.12641068,0.12641068
10069,0.07056285,0.12,0.12
10070,0.034575928,0.12,0.12
10071,0.16644457,0.13315566,0.13315566
10072,0.037211508,0.12,0.12
10073,0.17053574,0.1364286,0.1364286
10074,0.0017981353,0.12,0.12
10075,0.13293725,0.12,0.12
10076,0.1778178,0.14225425,0.14225425
10077,0.11558263,0.12,0.12
10078,0.007928916,0.12,0.12
10079,0.003734141,0.12,0.12
10080,0.10641743,0.12,0.12
10081,0.13071868,0.12,0.12
10082,0.17497233,0.13997786,0.13997786
10083,0.021467585,0.12,0.12
10084,0.14480291,0.12,0.12
10085,0.017581675,0.12,0.12
10086,0.15441066,0.12352853,0.12352853
10087,0.11004403,0.12,0.12
10088,0.010116226,0.12,0.12
10089,0.04107388,0.12,0.12
10090,0.13567634,0.12,0.12
10091,0.021441042,0.12,0.12
10092,0.0022134536,0.12,0.12
10093,0.032623317,0.12,0.12
10094,0.054004513,0.12,0.12
10095,0.0016893765,0.12,0.12
10096,0.1316738,0.12,0.12
10097,0.00018045354,0.12,0.12
10098,0.011314811,0.12,0.12
10099,0.005197631,0.12,0.12
10100,0.17140429,0.13712344,0.13712344
10101,0.0020569419,0.12,0.12
10102,0.06349764,0.12,0.12
10103,0.0019919116,0.12,0.12
10104,0.017584236,0.12,0.12
10105,0.02621096,0.12,0.12
10106,0.00015650083,0.12,0.12
10107,0.1403892,0.12,0.12
10108,0.027722603,0.12,0.12
10109,0.001639077,0.12,0.12
10110,0.06682909,0.12,0.12
10111,0.028592851,0.12,0.12
10112,0.07859577,0.12,0.12
10113,0.16746454,0.13397163,0.13397163
10114,0.0054192995,0.12,0.12
10115,0.13029587,0.12,0.12
10116,0.016355189,0.12,0.12
10117,0.109214604,0.12,0.12
10118,0.16135396,0.12908317,0.12908317
10119,0.0056999135,0.12,0.12
10120,0.12954614,0.12,0.12
10121,0.022181937,0.12,0.12
10122,0.016035218,0.12,0.12
10123,0.06671228,0.12,0.12
10124,4.0553994e-05,0.12,0.12
10125,0.00023870688,0.12,0.12
10126,0.11762923,0.12,0.12
10127,0.00071454584,0.12,0.12
10128,0.14596805,0.12,0.12
10129,0.16234715,0.12987773,0.12987773
10130,0.017472025,0.12,0.12
10131,0.0899961,0.12,0.12
10132,0.0013769743,0.12,0.12
10133,0.0049185464,0.12,0.12
10134,0.00907168,0.12,0.12
10135,0.012670924,0.12,0.12
10136,0.0069458107,0.12,0.12
10137,0.00019831918,0.12,0.12
10138,0.16040327,0.12832262,0.12832262
10139,0.0069202688,0.12,0.12
10140,0.052663438,0.12,0.12
10141,0.1656568,0.13252544,0.13252544
10142,0.0033147184,0.12,0.12
10143,0.00046779335,0.12,0.12
10144,0.15738077,0.12590462,0.12590462
10145,0.156516,0.1252128,0.1252128
10146,0.021441301,0.12,0.12
10147,0.17609924,0.1408794,0.1408794
10148,0.11052135,0.12,0.12
10149,0.09253362,0.12,0.12
10150,0.102887526,0.12,0.12
10151,0.17655632,0.14124505,0.14124505
10152,0.034866042,0.12,0.12
10153,0.15782715,0.12626173,0.12626173
10154,0.17437056,0.13949645,0.13949645
10155,0.07784723,0.12,0.12
10156,0.00026745527,0.12,0.12
10157,0.067116775,0.12,0.12
10158,0.054682873,0.12,0.12
10159,0.16782011,0.1342561,0.1342561
10160,0.13127625,0.12,0.12
10161,0.01075831,0.12,0.12
10162,0.016400002,0.12,0.12
10163,0.0025976794,0.12,0.12
10164,0.00027674143,0.12,0.12
10165,0.1108684,0.12,0.12
10166,0.0016352165,0.12,0.12
10167,0.07725286,0.12,0.12
10168,0.14619282,0.12,0.12
10169,0.010303628,0.12,0.12
10170,0.0007984266,0.12,0.12
10171,0.012371135,0.12,0.12
10172,0.1773607,0.14188856,0.14188856
10173,0.0046977326,0.12,0.12
10174,0.11173056,0.12,0.12
10175,0.044156007,0.12,0.12
10176,0.025756503,0.12,0.12
10177,0.02306185,0.12,0.12
10178,0.022076143,0.12,0.12
10179,0.00011155241,0.12,0.12
10180,0.03722543,0.12,0.12
10181,0.005930598,0.12,0.12
10182,0.15459616,0.12367693,0.12367693
10183,0.18114342,0.14491473,0.14491473
10184,0.0007338606,0.12,0.12
10185,0.17220348,0.13776278,0.13776278
10186,0.1416799,0.12,0.12
10187,0.07512135,0.12,0.12
10188,1.0128031e-05,0.12,0.12
10189,0.108635224,0.12,0.12
10190,0.16806224,0.1344498,0.1344498
10191,0.16974053,0.13579242,0.13579242
10192,0.04209765,0.12,0.12
10193,0.14681329,0.12,0.12
10194,0.16560599,0.1324848,0.1324848
10195,0.11035784,0.12,0.12
10196,0.14373441,0.12,0.12
10197,0.0934589,0.12,0.12
10198,0.0002129917,0.12,0.12
10199,0.13405092,0.12,0.12
10200,0.03958005,0.12,0.12
10201,0.017241549,0.12,0.12
10202,0.00018633805,0.12,0.12
10203,0.0020315864,0.12,0.12
10204,0.17926218,0.14340974,0.14340974
10205,0.027000604,0.12,0.12
10206,0.003589664,0.12,0.12
10207,5.7887104e-05,0.12,0.12
10208,0.0020496303,0.12,0.12
10209,0.096768245,0.12,0.12
10210,0.0401153,0.12,0.12
10211,0.17297886,0.13838309,0.13838309
10212,0.07474938,0.12,0.12
10213,0.036824916,0.12,0.12
10214,2.1174686e-05,0.12,0.12
10215,0.15129341,0.121034734,0.121034734
10216,0.094849,0.12,0.12
10217,0.00909131,0.12,0.12
10218,0.019996038,0.12,0.12
10219,0.16379406,0.13103525,0.13103525
10220,0.13904229,0.12,0.12
10221,0.17176013,0.13740811,0.13740811
10222,0.13504972,0.12,0.12
10223,0.17729238,0.1418339,0.1418339
10224,0.17019203,0.13615362,0.13615362
10225,0.02239119,0.12,0.12
10226,0.0055864486,0.12,0.12
10227,0.17230347,0.13784277,0.13784277
10228,0.03987843,0.12,0.12
10229,0.005115943,0.12,0.12
10230,0.008111861,0.12,0.12
10231,0.14373095,0.12,0.12
10232,0.09728808,0.12,0.12
10233,0.010176198,0.12,0.12
10234,0.11964067,0.12,0.12
10235,0.17086072,0.13668858,0.13668858
10236,0.0018149052,0.12,0.12
10237,0.0076814154,0.12,0.12
10238,0.0035972788,0.12,0.12
10239,0.067579366,0.12,0.12
10240,0.08984894,0.12,0.12
10241,0.17660417,0.14128333,0.14128333
10242,0.1652031,0.13216248,0.13216248
10243,0.13250199,0.12,0.12
10244,0.004834542,0.12,0.12
10245,0.00021730167,0.12,0.12
10246,0.17608625,0.140869,0.140869
10247,0.15859446,0.12687556,0.12687556
10248,0.16575903,0.13260722,0.13260722
10249,0.14687333,0.12,0.12
10250,0.06975908,0.12,0.12
10251,0.017016413,0.12,0.12
10252,3.4646878e-06,0.12,0.12
10253,0.17989911,0.14391929,0.14391929
10254,0.17140761,0.13712609,0.13712609
10255,0.028653918,0.12,0.12
10256,0.0016082257,0.12,0.12
10257,0.13299435,0.12,0.12
10258,0.18703543,0.14962834,0.14962834
10259,0.1083028,0.12,0.12
10260,0.14536124,0.12,0.12
10261,0.003551427,0.12,0.12
10262,0.13345082,0.12,0.12
10263,0.13642836,0.12,0.12
10264,0.019211644,0.12,0.12
10265,0.006753748,0.12,0.12
10266,0.004174544,0.12,0.12
10267,0.090007596,0.12,0.12
10268,0.016656414,0.12,0.12
10269,0.15013824,0.120110594,0.120110594
10270,0.07219316,0.12,0.12
10271,0.07485189,0.12,0.12
10272,0.02193687,0.12,0.12
10273,0.16352856,0.13082285,0.13082285
10274,0.1646607,0.13172857,0.13172857
10275,0.16987811,0.1359025,0.1359025
10276,0.0008148522,0.12,0.12
10277,0.07971248,0.12,0.12
10278,0.00011595041,0.12,0.12
10279,0.033479877,0.12,0.12
10280,0.17404298,0.1392344,0.1392344
10281,0.066175185,0.12,0.12
10282,0.00040655583,0.12,0.12
10283,0.10411357,0.12,0.12
10284,0.17430216,0.13944173,0.13944173
10285,0.00011298921,0.12,0.12
10286,0.015339587,0.12,0.12
10287,0.16225134,0.12980108,0.12980108
10288,0.000907433,0.12,0.12
10289,0.15140477,0.12112381,0.12112381
10290,0.09057511,0.12,0.12
10291,0.1647974,0.13183792,0.13183792
10292,0.010492816,0.12,0.12
10293,0.014442688,0.12,0.12
10294,0.17019208,0.13615367,0.13615367
10295,0.143612,0.12,0.12
10296,0.012043444,0.12,0.12
10297,0.18153603,0.14522883,0.14522883
10298,0.028701523,0.12,0.12
10299,0.003163563,0.12,0.12
10300,0.07970297,0.12,0.12
10301,0.0011135335,0.12,0.12
10302,0.010494052,0.12,0.12
10303,0.018226122,0.12,0.12
10304,0.1931723,0.15453784,0.15453784
10305,0.04647669,0.12,0.12
10306,0.18063927,0.14451142,0.14451142
10307,0.014065417,0.12,0.12
10308,0.095759705,0.12,0.12
10309,0.1903932,0.15231456,0.15231456
10310,0.011736502,0.12,0.12
10311,0.12683232,0.12,0.12
10312,0.16186827,0.12949462,0.12949462
10313,0.08001211,0.12,0.12
10314,0.13618119,0.12,0.12
10315,0.03191501,0.12,0.12
10316,3.4136618e-05,0.12,0.12
10317,1.4859454e-05,0.12,0.12
10318,0.0008645636,0.12,0.12
10319,0.017083107,0.12,0.12
10320,0.095682494,0.12,0.12
10321,0.033041295,0.12,0.12
10322,0.021003122,0.12,0.12
10323,0.09834288,0.12,0.12
10324,0.012831611,0.12,0.12
10325,0.056397747,0.12,0.12
10326,0.0570443,0.12,0.12
10327,0.13835455,0.12,0.12
10328,0.14754863,0.12,0.12
10329,0.14860336,0.12,0.12
10330,0.16902429,0.13521944,0.13521944
10331,0.15700406,0.12560324,0.12560324
10332,0.013569792,0.12,0.12
10333,0.0031808154,0.12,0.12
10334,0.11109463,0.12,0.12
10335,0.0021834422,0.12,0.12
10336,0.15681529,0.12545224,0.12545224
10337,0.15244119,0.12195295,0.12195295
10338,0.027281145,0.12,0.12
10339,0.082065456,0.12,0.12
10340,0.0014029826,0.12,0.12
10341,0.15533142,0.124265134,0.124265134
10342,0.014513437,0.12,0.12
10343,0.17244098,0.13795279,0.13795279
10344,0.094334565,0.12,0.12
10345,0.1630118,0.13040945,0.13040945
10346,0.056301612,0.12,0.12
10347,0.0038397086,0.12,0.12
10348,0.0002364553,0.12,0.12
10349,0.17391537,0.1391323,0.1391323
10350,3.1722797e-05,0.12,0.12
10351,0.0059704455,0.12,0.12
10352,0.1629361,0.13034889,0.13034889
10353,0.11521117,0.12,0.12
10354,0.0016181096,0.12,0.12
10355,0.013435787,0.12,0.12
10356,0.00030476,0.12,0.12
10357,0.1787434,0.14299473,0.14299473
10358,0.14511979,0.12,0.12
10359,0.020714933,0.12,0.12
10360,0.009885622,0.12,0.12
10361,0.027306553,0.12,0.12
10362,0.14422236,0.12,0.12
10363,0.1708167,0.13665336,0.13665336
10364,0.1559146,0.12473168,0.12473168
10365,0.02799412,0.12,0.12
10366,0.099244505,0.12,0.12
10367,0.1621845,0.12974761,0.12974761
10368,0.14721367,0.12,0.12
10369,0.00047896177,0.12,0.12
10370,0.024284896,0.12,0.12
10371,0.15154245,0.12123396,0.12123396
10372,0.0050259456,0.12,0.12
10373,0.046321843,0.12,0.12
10374,0.0068190508,0.12,0.12
10375,0.12124649,0.12,0.12
10376,0.016284227,0.12,0.12
10377,0.0019050989,0.12,0.12
10378,0.11314826,0.12,0.12
10379,0.13018966,0.12,0.12
10380,0.17952994,0.14362395,0.14362395
10381,0.17025113,0.1362009,0.1362009
10382,0.17881455,0.14305164,0.14305164
10383,0.12340524,0.12,0.12
10384,0.11220477,0.12,0.12
10385,0.18438229,0.14750583,0.14750583
10386,0.18132015,0.14505611,0.14505611
10387,0.10386079,0.12,0.12
10388,0.15842293,0.12673835,0.12673835
10389,0.083402164,0.12,0.12
10390,0.036470976,0.12,0.12
10391,0.00012935029,0.12,0.12
10392,0.17189226,0.1375138,0.1375138
10393,0.02395492,0.12,0.12
10394,0.11418951,0.12,0.12
10395,0.113125555,0.12,0.12
10396,0.1489885,0.12,0.12
10397,0.008529869,0.12,0.12
10398,0.13415645,0.12,0.12
10399,0.016275706,0.12,0.12
10400,0.060419165,0.12,0.12
10401,0.004714224,0.12,0.12
10402,0.14548025,0.12,0.12
10403,0.09471199,0.12,0.12
10404,0.024105804,0.12,0.12
10405,0.15913287,0.1273063,0.1273063
10406,0.07106423,0.12,0.12
10407,0.00071910425,0.12,0.12
10408,0.08598059,0.12,0.12
10409,0.16368964,0.13095172,0.13095172
10410,0.17542845,0.14034276,0.14034276
10411,0.14837098,0.12,0.12
10412,0.0005477342,0.12,0.12
10413,0.11459116,0.12,0.12
10414,0.112558655,0.12,0.12
10415,0.13973568,0.12,0.12
10416,0.016264958,0.12,0.12
10417,0.0006954551,0.12,0.12
10418,0.04667131,0.12,0.12
10419,0.16241509,0.12993208,0.12993208
10420,0.16191725,0.12953381,0.12953381
10421,0.17176822,0.13741457,0.13741457
10422,0.008490255,0.12,0.12
10423,0.110053554,0.12,0.12
10424,0.040783186,0.12,0.12
10425,0.031291038,0.12,0.12
10426,0.14787169,0.12,0.12
10427,0.15697551,0.12558042,0.12558042
10428,0.04077313,0.12,0.12
10429,0.16013661,0.12810929,0.12810929
10430,0.14237118,0.12,0.12
10431,0.15837525,0.12670021,0.12670021
10432,0.1487553,0.12,0.12
10433,0.0036639385,0.12,0.12
10434,0.003816999,0.12,0.12
10435,4.2904994e-05,0.12,0.12
10436,0.021295866,0.12,0.12
10437,0.0007413699,0.12,0.12
10438,0.13862266,0.12,0.12
10439,0.0014374625,0.12,0.12
10440,0.12371344,0.12,0.12
10441,0.009175165,0.12,0.12
10442,0.004577502,0.12,0.12
10443,0.16377163,0.13101731,0.13101731
10444,0.0014909336,0.12,0.12
10445,0.12483,0.12,0.12
10446,0.1563935,0.1251148,0.1251148
10447,0.042285632,0.12,0.12
10448,0.17185839,0.13748671,0.13748671
10449,0.07016125,0.12,0.12
10450,0.0029735595,0.12,0.12
10451,0.15501316,0.124010526,0.124010526
10452,0.03473412,0.12,0.12
10453,0.050142884,0.12,0.12
10454,0.16247104,0.12997684,0.12997684
10455,0.15209648,0.12167718,0.12167718
10456,0.152925,0.12234,0.12234
10457,0.0030851306,0.12,0.12
10458,0.06697521,0.12,0.12
10459,0.0018414048,0.12,0.12
10460,0.034517214,0.12,0.12
10461,1.5467742e-05,0.12,0.12
10462,0.002301809,0.12,0.12
10463,0.18007323,0.14405859,0.14405859
10464,0.011737807,0.12,0.12
10465,0.17353822,0.13883059,0.13883059
10466,0.003779571,0.12,0.12
10467,0.023035726,0.12,0.12
10468,0.14835623,0.12,0.12
10469,0.00019396537,0.12,0.12
10470,0.15515335,0.12412268,0.12412268
10471,0.00024900213,0.12,0.12
10472,0.009497404,0.12,0.12
10473,0.18594065,0.14875253,0.14875253
10474,0.011599527,0.12,0.12
10475,0.1633981,0.13071848,0.13071848
10476,0.17748563,0.1419885,0.1419885
10477,0.16985708,0.13588567,0.13588567
10478,0.017388947,0.12,0.12
10479,0.030349301,0.12,0.12
10480,0.0042578382,0.12,0.12
10481,0.0043927054,0.12,0.12
10482,0.17661141,0.14128913,0.14128913
10483,0.00034195132,0.12,0.12
10484,0.17816143,0.14252914,0.14252914
10485,0.02204835,0.12,0.12
10486,0.052950058,0.12,0.12
10487,0.024993444,0.12,0.12
10488,0.012399878,0.12,0.12
10489,0.14937815,0.12,0.12
10490,0.00028833773,0.12,0.12
10491,0.06903405,0.12,0.12
10492,0.11547215,0.12,0.12
10493,0.17845532,0.14276426,0.14276426
10494,0.058710247,0.12,0.12
10495,0.0010863509,0.12,0.12
10496,0.17122293,0.13697834,0.13697834
10497,0.16725989,0.13380791,0.13380791
10498,0.17019288,0.13615431,0.13615431
10499,0.012235361,0.12,0.12
10500,0.16484293,0.13187435,0.13187435
10501,0.00014757438,0.12,0.12
10502,0.0048302743,0.12,0.12
10503,0.088115975,0.12,0.12
10504,0.014269681,0.12,0.12
10505,0.07216842,0.12,0.12
10506,0.15219632,0.12175705,0.12175705
10507,0.006758125,0.12,0.12
10508,0.024112131,0.12,0.12
10509,0.0022706618,0.12,0.12
10510,0.16847019,0.13477616,0.13477616
10511,0.1851346,0.1481077,0.1481077
10512,0.05169723,0.12,0.12
10513,0.021800539,0.12,0.12
10514,0.0008955951,0.12,0.12
10515,0.17134361,0.13707489,0.13707489
10516,0.14799675,0.12,0.12
10517,0.15747933,0.12598346,0.12598346
10518,0.012111186,0.12,0.12
10519,0.15682887,0.1254631,0.1254631
10520,0.089764185,0.12,0.12
10521,0.023459824,0.12,0.12
10522,0.15760927,0.12608741,0.12608741
10523,0.13498357,0.12,0.12
10524,0.05213225,0.12,0.12
10525,0.0038315917,0.12,0.12
10526,0.100233585,0.12,0.12
10527,3.751404e-06,0.12,0.12
10528,0.17913494,0.14330795,0.14330795
10529,0.03741586,0.12,0.12
10530,0.008854306,0.12,0.12
10531,0.026400074,0.12,0.12
10532,0.17393488,0.13914791,0.13914791
10533,0.15179992,0.121439934,0.121439934
10534,0.16275276,0.13020222,0.13020222
10535,9.6379845e-05,0.12,0.12
10536,0.10259759,0.12,0.12
10537,0.0014221498,0.12,0.12
10538,0.12443841,0.12,0.12
10539,0.015493492,0.12,0.12
10540,0.14211646,0.12,0.12
10541,0.0012098812,0.12,0.12
10542,0.1622336,0.1297869,0.1297869
10543,0.007939354,0.12,0.12
10544,0.14487536,0.12,0.12
10545,0.13362485,0.12,0.12
10546,0.005751242,0.12,0.12
10547,0.033557825,0.12,0.12
10548,0.12739772,0.12,0.12
10549,4.6669747e-06,0.12,0.12
10550,0.17488733,0.13990986,0.13990986
10551,0.11488864,0.12,0.12
10552,0.009109215,0.12,0.12
10553,0.18012498,0.1441,0.1441
10554,0.17828918,0.14263134,0.14263134
10555,0.05142764,0.12,0.12
10556,5.4340744e-05,0.12,0.12
10557,0.16880545,0.13504437,0.13504437
10558,0.1685986,0.13487889,0.13487889
10559,0.1786078,0.14288625,0.14288625
10560,0.16064632,0.12851706,0.12851706
10561,0.0030933397,0.12,0.12
10562,0.13733618,0.12,0.12
10563,0.14442551,0.12,0.12
10564,0.001218358,0.12,0.12
10565,0.15563633,0.12450906,0.12450906
10566,0.187748,0.1501984,0.1501984
10567,0.010753379,0.12,0.12
10568,0.18132661,0.1450613,0.1450613
10569,0.0071725342,0.12,0.12
10570,0.121994264,0.12,0.12
10571,0.16552815,0.13242252,0.13242252
10572,0.15559967,0.12447973,0.12447973
10573,0.1669769,0.13358152,0.13358152
10574,0.0042076968,0.12,0.12
10575,6.4363053e-06,0.12,0.12
10576,0.00027449915,0.12,0.12
10577,0.15723884,0.12579107,0.12579107
10578,0.1364664,0.12,0.12
10579,0.09828874,0.12,0.12
10580,0.14525262,0.12,0.12
10581,0.0016071437,0.12,0.12
10582,9.9214114e-05,0.12,0.12
10583,0.09112124,0.12,0.12
10584,0.0765622,0.12,0.12
10585,0.16368835,0.13095067,0.13095067
10586,0.024290966,0.12,0.12
10587,0.008628337,0.12,0.12
10588,0.07241982,0.12,0.12
10589,0.06750325,0.12,0.12
10590,0.123510346,0.12,0.12
10591,0.18284754,0.14627804,0.14627804
10592,0.15888204,0.12710564,0.12710564
10593,0.17680791,0.14144634,0.14144634
10594,0.16903812,0.1352305,0.1352305
10595,0.04561386,0.12,0.12
10596,0.0036147453,0.12,0.12
10597,0.04808329,0.12,0.12
10598,0.14200783,0.12,0.12
10599,0.17870349,0.1429628,0.1429628
10600,0.00051091786,0.12,0.12
10601,0.14599569,0.12,0.12
10602,0.018080747,0.12,0.12
10603,0.0052724113,0.12,0.12
10604,0.16100834,0.12880668,0.12880668
10605,0.0022437365,0.12,0.12
10606,0.109969705,0.12,0.12
10607,0.012847252,0.12,0.12
10608,0.14872953,0.12,0.12
10609,0.18493684,0.14794947,0.14794947
10610,0.027935496,0.12,0.12
10611,0.15227099,0.12181679,0.12181679
10612,0.1662396,0.13299169,0.13299169
10613,0.0011841576,0.12,0.12
10614,0.02448049,0.12,0.12
10615,0.1821169,0.14569353,0.14569353
10616,0.13012314,0.12,0.12
10617,0.0003924168,0.12,0.12
10618,0.13616513,0.12,0.12
10619,0.057413854,0.12,0.12
10620,0.17060623,0.13648498,0.13648498
10621,0.0014989991,0.12,0.12
10622,0.014418945,0.12,0.12
10623,0.0038999487,0.12,0.12
10624,0.15984027,0.12787221,0.12787221
10625,0.02267801,0.12,0.12
10626,0.12321018,0.12,0.12
10627,0.000107693246,0.12,0.12
10628,0.1584402,0.12675217,0.12675217
10629,0.17581546,0.14065237,0.14065237
10630,0.17592709,0.14074168,0.14074168
10631,0.00020272583,0.12,0.12
10632,0.12215822,0.12,0.12
10633,0.009082805,0.12,0.12
10634,0.034631886,0.12,0.12
10635,0.043496884,0.12,0.12
10636,0.012430596,0.12,0.12
10637,0.021215998,0.12,0.12
10638,0.014342778,0.12,0.12
10639,0.0004033498,0.12,0.12
10640,0.020275349,0.12,0.12
10641,0.1477818,0.12,0.12
10642,0.14714378,0.12,0.12
10643,0.1778829,0.14230631,0.14230631
10644,0.0007397704,0.12,0.12
10645,0.0010260292,0.12,0.12
10646,0.102334045,0.12,0.12
10647,0.0029698224,0.12,0.12
10648,0.1340083,0.12,0.12
10649,0.0048221373,0.12,0.12
10650,0.084935434,0.12,0.12
10651,0.13189086,0.12,0.12
10652,0.005744963,0.12,0.12
10653,0.103625245,0.12,0.12
10654,0.0038863295,0.12,0.12
10655,0.087402485,0.12,0.12
10656,0.16470346,0.13176277,0.13176277
10657,0.1752086,0.14016688,0.14016688
10658,0.03636082,0.12,0.12
10659,0.0032380694,0.12,0.12
10660,0.006010452,0.12,0.12
10661,0.009486143,0.12,0.12
10662,0.092772976,0.12,0.12
10663,0.19436294,0.15549035,0.15549035
10664,0.07289204,0.12,0.12
10665,8.58207e-06,0.12,0.12
10666,0.010780031,0.12,0.12
10667,0.009078407,0.12,0.12
10668,0.06250134,0.12,0.12
10669,0.18099606,0.14479685,0.14479685
10670,0.057493333,0.12,0.12
10671,0.010029874,0.12,0.12
10672,0.0059486046,0.12,0.12
10673,0.022550251,0.12,0.12
10674,0.14666337,0.12,0.12
10675,0.16119675,0.1289574,0.1289574
10676,0.17180191,0.13744153,0.13744153
10677,0.012425551,0.12,0.12
10678,0.1093483,0.12,0.12
10679,0.13171795,0.12,0.12
10680,0.016116146,0.12,0.12
10681,0.09883306,0.12,0.12
10682,0.00014360149,0.12,0.12
10683,0.1680211,0.13441688,0.13441688
10684,0.0016347909,0.12,0.12
10685,0.17213185,0.13770549,0.13770549
10686,0.0057905214,0.12,0.12
10687,0.02509275,0.12,0.12
10688,0.0014035666,0.12,0.12
10689,0.17825499,0.142604,0.142604
10690,0.13040856,0.12,0.12
10691,0.12193156,0.12,0.12
10692,0.16724624,0.13379699,0.13379699
10693,0.007352311,0.12,0.12
10694,0.15099466,0.12079573,0.12079573
10695,0.15282382,0.12225906,0.12225906
10696,0.18200947,0.14560758,0.14560758
10697,0.046215985,0.12,0.12
10698,0.17160772,0.13728617,0.13728617
10699,0.15427013,0.1234161,0.1234161
10700,0.123237826,0.12,0.12
10701,0.1745051,0.13960408,0.13960408
10702,0.13428806,0.12,0.12
10703,0.18261427,0.14609142,0.14609142
10704,0.06497582,0.12,0.12
10705,0.17863874,0.142911,0.142911
10706,0.1781254,0.14250033,0.14250033
10707,0.027532034,0.12,0.12
10708,0.1700527,0.13604216,0.13604216
10709,0.022193467,0.12,0.12
10710,0.0004510829,0.12,0.12
10711,0.17918432,0.14334746,0.14334746
10712,0.07642714,0.12,0.12
10713,0.04816813,0.12,0.12
10714,0.0012602662,0.12,0.12
10715,0.10063598,0.12,0.12
10716,0.18752302,0.15001842,0.15001842
10717,0.15360278,0.122882225,0.122882225
10718,0.16912374,0.135299,0.135299
10719,0.050507326,0.12,0.12
10720,0.052566256,0.12,0.12
10721,0.042924654,0.12,0.12
10722,0.0048711,0.12,0.12
10723,0.0041144127,0.12,0.12
10724,0.1365076,0.12,0.12
10725,0.097121894,0.12,0.12
10726,0.0043709334,0.12,0.12
10727,0.012214534,0.12,0.12
10728,0.021089682,0.12,0.12
10729,0.15354139,0.12283311,0.12283311
10730,0.16983736,0.13586989,0.13586989
10731,0.01738441,0.12,0.12
10732,0.14989275,0.12,0.12
10733,0.09384059,0.12,0.12
10734,0.11542951,0.12,0.12
10735,0.18115187,0.1449215,0.1449215
10736,0.16883324,0.1350666,0.1350666
10737,0.17584252,0.14067402,0.14067402
10738,0.009965151,0.12,0.12
10739,0.13831334,0.12,0.12
10740,0.0082138255,0.12,0.12
10741,0.0051018368,0.12,0.12
10742,0.16876064,0.13500851,0.13500851
10743,0.0026385053,0.12,0.12
10744,0.118203335,0.12,0.12
10745,9.4398056e-05,0.12,0.12
10746,0.13848148,0.12,0.12
10747,0.19939144,0.15951316,0.15951316
10748,0.16443945,0.13155156,0.13155156
10749,0.18227367,0.14581893,0.14581893
10750,0.0007800913,0.12,0.12
10751,0.11831544,0.12,0.12
10752,0.024144547,0.12,0.12
10753,0.17799164,0.14239332,0.14239332
10754,0.09437314,0.12,0.12
10755,0.0059210863,0.12,0.12
10756,0.12909006,0.12,0.12
10757,0.005039747,0.12,0.12
10758,0.19294626,0.154357,0.154357
10759,0.0029230388,0.12,0.12
10760,0.075133316,0.12,0.12
10761,0.009779341,0.12,0.12
10762,0.17809112,0.14247291,0.14247291
10763,0.18233871,0.14587097,0.14587097
10764,0.00090594613,0.12,0.12
10765,0.0008256601,0.12,0.12
10766,0.16002809,0.12802248,0.12802248
10767,0.15605913,0.12484731,0.12484731
10768,0.13227488,0.12,0.12
10769,3.1057805e-06,0.12,0.12
10770,0.12964214,0.12,0.12
10771,2.4939607e-06,0.12,0.12
10772,0.08784465,0.12,0.12
10773,0.0063226903,0.12,0.12
10774,0.017463287,0.12,0.12
10775,0.047906853,0.12,0.12
10776,0.16568413,0.1325473,0.1325473
10777,0.010707045,0.12,0.12
10778,0.023820888,0.12,0.12
10779,0.06202313,0.12,0.12
10780,0.15719222,0.12575378,0.12575378
10781,0.01620297,0.12,0.12
10782,0.1608635,0.12869081,0.12869081
10783,0.051002946,0.12,0.12
10784,0.12693438,0.12,0.12
10785,0.00883274,0.12,0.12
10786,0.14778593,0.12,0.12
10787,0.0041209892,0.12,0.12
10788,0.087667294,0.12,0.12
10789,0.11489093,0.12,0.12
10790,0.1497935,0.12,0.12
10791,0.040298317,0.12,0.12
10792,0.1818604,0.14548832,0.14548832
10793,0.17464219,0.13971375,0.13971375
10794,0.009801086,0.12,0.12
10795,0.12360085,0.12,0.12
10796,0.026538491,0.12,0.12
10797,0.11595705,0.12,0.12
10798,0.17034176,0.13627341,0.13627341
10799,0.104286335,0.12,0.12
10800,0.01294482,0.12,0.12
10801,0.0006685122,0.12,0.12
10802,0.024031958,0.12,0.12
10803,0.0023966283,0.12,0.12
10804,0.004235487,0.12,0.12
10805,0.16733079,0.13386463,0.13386463
10806,0.16686693,0.13349354,0.13349354
10807,0.14534596,0.12,0.12
10808,0.12533565,0.12,0.12
10809,0.17747726,0.14198181,0.14198181
10810,0.14317799,0.12,0.12
10811,0.020652914,0.12,0.12
10812,0.17682377,0.14145902,0.14145902
10813,0.19178633,0.15342908,0.15342908
10814,0.13489324,0.12,0.12
10815,0.002310718,0.12,0.12
10816,0.1686352,0.13490817,0.13490817
10817,0.10773674,0.12,0.12
10818,0.013942939,0.12,0.12
10819,0.17956074,0.1436486,0.1436486
10820,0.13695358,0.12,0.12
10821,0.03236074,0.12,0.12
10822,0.0012726635,0.12,0.12
10823,0.00382885,0.12,0.12
10824,0.00051404367,0.12,0.12
10825,0.015876928,0.12,0.12
10826,0.000100971425,0.12,0.12
10827,0.0021603166,0.12,0.12
10828,0.18211553,0.14569242,0.14569242
10829,0.18174349,0.14539479,0.14539479
10830,0.0085975025,0.12,0.12
10831,0.005490404,0.12,0.12
10832,0.17467758,0.13974206,0.13974206
10833,0.022899058,0.12,0.12
10834,0.19978285,0.15982628,0.15982628
10835,0.011119292,0.12,0.12
10836,0.051865764,0.12,0.12
10837,0.19384398,0.15507518,0.15507518
10838,0.010082432,0.12,0.12
10839,0.17329772,0.13863818,0.13863818
10840,0.0015607896,0.12,0.12
10841,0.17833246,0.14266597,0.14266597
10842,0.016856257,0.12,0.12
10843,0.11288804,0.12,0.12
10844,0.17170687,0.1373655,0.1373655
10845,0.1843356,0.14746849,0.14746849
10846,0.0024001761,0.12,0.12
10847,0.18191692,0.14553355,0.14553355
10848,8.175783e-06,0.12,0.12
10849,0.17330657,0.13864526,0.13864526
10850,0.12172655,0.12,0.12
10851,0.0003679421,0.12,0.12
10852,0.0034186235,0.12,0.12
10853,0.0007454534,0.12,0.12
10854,0.16371064,0.13096851,0.13096851
10855,0.17058735,0.13646989,0.13646989
10856,0.0025335855,0.12,0.12
10857,0.06992124,0.12,0.12
10858,0.18156509,0.14525208,0.14525208
10859,0.001469996,0.12,0.12
10860,0.13011362,0.12,0.12
10861,0.17649959,0.14119968,0.14119968
10862,0.0021422848,0.12,0.12
10863,0.020486327,0.12,0.12
10864,0.004087761,0.12,0.12
10865,0.16716664,0.13373332,0.13373332
10866,0.13470146,0.12,0.12
10867,0.00772484,0.12,0.12
10868,0.16507643,0.13206115,0.13206115
10869,0.124996714,0.12,0.12
10870,0.00019909882,0.12,0.12
10871,3.5317058e-05,0.12,0.12
10872,0.035454027,0.12,0.12
10873,0.123435915,0.12,0.12
10874,0.0056702206,0.12,0.12
10875,0.16671434,0.13337147,0.13337147
10876,0.17025776,0.13620621,0.13620621
10877,0.1475924,0.12,0.12
10878,0.12242052,0.12,0.12
10879,0.027989833,0.12,0.12
10880,0.18964256,0.15171406,0.15171406
10881,0.11240792,0.12,0.12
10882,0.17964314,0.14371452,0.14371452
10883,0.12105206,0.12,0.12
10884,0.0022909062,0.12,0.12
10885,0.16094121,0.12875298,0.12875298
10886,0.0098729925,0.12,0.12
10887,0.09637361,0.12,0.12
10888,0.003474616,0.12,0.12
10889,0.005670076,0.12,0.12
10890,0.006633818,0.12,0.12
10891,0.14775495,0.12,0.12
10892,0.04592276,0.12,0.12
10893,0.19351594,0.15481275,0.15481275
10894,0.1875183,0.15001464,0.15001464
10895,0.0007468033,0.12,0.12
10896,0.19295691,0.15436552,0.15436552
10897,0.15369679,0.12295743,0.12295743
10898,0.1611509,0.12892072,0.12892072
10899,0.0012070483,0.12,0.12
10900,0.16825816,0.13460653,0.13460653
10901,0.0042680255,0.12,0.12
10902,0.019496998,0.12,0.12
10903,0.0047084866,0.12,0.12
10904,0.037345614,0.12,0.12
10905,0.00034367002,0.12,0.12
10906,0.00017026938,0.12,0.12
10907,0.03463846,0.12,0.12
10908,0.08048505,0.12,0.12
10909,0.18530115,0.14824092,0.14824092
10910,0.020722259,0.12,0.12
10911,0.016001103,0.12,0.12
10912,0.09072408,0.12,0.12
10913,0.16368578,0.13094863,0.13094863
10914,0.008536061,0.12,0.12
10915,0.0040041804,0.12,0.12
10916,0.17104538,0.1368363,0.1368363
10917,0.03749111,0.12,0.12
10918,0.029785726,0.12,0.12
10919,0.0077925012,0.12,0.12
10920,0.008734391,0.12,0.12
10921,0.004726554,0.12,0.12
10922,0.15720242,0.12576194,0.12576194
10923,0.1680825,0.134466,0.134466
10924,0.14597258,0.12,0.12
10925,0.030198634,0.12,0.12
10926,0.1821588,0.14572704,0.14572704
10927,0.115613766,0.12,0.12
10928,0.17046984,0.13637587,0.13637587
10929,0.034979966,0.12,0.12
10930,0.07387026,0.12,0.12
10931,0.18417634,0.14734107,0.14734107
10932,0.15248276,0.12198621,0.12198621
10933,0.10710805,0.12,0.12
10934,0.020600349,0.12,0.12
10935,0.012971393,0.12,0.12
10936,0.011190962,0.12,0.12
10937,0.16712485,0.13369988,0.13369988
10938,0.1578475,0.126278,0.126278
10939,0.003313005,0.12,0.12
10940,0.18279265,0.14623412,0.14623412
10941,0.12694533,0.12,0.12
10942,0.16998222,0.13598578,0.13598578
10943,0.15098727,0.12078982,0.12078982
10944,0.18527475,0.14821981,0.14821981
10945,0.052790616,0.12,0.12
10946,0.06364215,0.12,0.12
10947,0.0027688146,0.12,0.12
10948,0.18198603,0.14558883,0.14558883
10949,0.09870053,0.12,0.12
10950,0.17954601,0.14363681,0.14363681
10951,0.003215877,0.12,0.12
10952,0.15225564,0.12180451,0.12180451
10953,0.21161819,0.16929455,0.16929455
10954,0.043974288,0.12,0.12
10955,0.009989026,0.12,0.12
10956,0.18913312,0.1513065,0.1513065
10957,0.005619643,0.12,0.12
10958,0.18724152,0.14979322,0.14979322
10959,0.15325977,0.12260782,0.12260782
10960,0.15439916,0.123519324,0.123519324
10961,0.16707225,0.1336578,0.1336578
10962,0.16831048,0.13464838,0.13464838
10963,0.00150941,0.12,0.12
10964,0.16661374,0.13329099,0.13329099
10965,0.08804259,0.12,0.12
10966,0.06860963,0.12,0.12
10967,0.017107248,0.12,0.12
10968,0.19872735,0.15898189,0.15898189
10969,0.009923602,0.12,0.12
10970,0.19041814,0.15233451,0.15233451
10971,0.1496923,0.12,0.12
10972,0.047039773,0.12,0.12
10973,0.006343188,0.12,0.12
10974,0.10282387,0.12,0.12
10975,0.011949135,0.12,0.12
10976,0.0062151956,0.12,0.12
10977,0.06401686,0.12,0.12
10978,0.1684092,0.13472736,0.13472736
10979,0.1529104,0.12232832,0.12232832
10980,0.14777572,0.12,0.12
10981,0.092550516,0.12,0.12
10982,0.18132663,0.1450613,0.1450613
10983,0.18086042,0.14468834,0.14468834
10984,0.0017478191,0.12,0.12
10985,0.04167018,0.12,0.12
10986,0.18094733,0.14475787,0.14475787
10987,0.0007161553,0.12,0.12
10988,0.008989947,0.12,0.12
10989,0.121055424,0.12,0.12
10990,0.12514542,0.12,0.12
10991,0.023977486,0.12,0.12
10992,0.0050862445,0.12,0.12
10993,0.11507419,0.12,0.12
10994,0.19640762,0.1571261,0.1571261
10995,0.14693877,0.12,0.12
10996,0.070461184,0.12,0.12
10997,0.0013147147,0.12,0.12
10998,0.0069807707,0.12,0.12
10999,0.0331135,0.12,0.12
11000,0.16154513,0.1292361,0.1292361
11001,0.20984426,0.16787541,0.16787541
11002,0.015653845,0.12,0.12
11003,0.18978918,0.15183134,0.15183134
11004,0.17602243,0.14081794,0.14081794
11005,0.13791645,0.12,0.12
11006,0.18362358,0.14689887,0.14689887
11007,0.0005251441,0.12,0.12
11008,0.13194433,0.12,0.12
11009,0.040789694,0.12,0.12
11010,0.03806844,0.12,0.12
11011,0.0011136439,0.12,0.12
11012,0.17146385,0.13717107,0.13717107
11013,0.000116067444,0.12,0.12
11014,0.16471736,0.13177389,0.13177389
11015,0.17198835,0.13759069,0.13759069
11016,0.09728454,0.12,0.12
11017,0.085484125,0.12,0.12
11018,0.009252824,0.12,0.12
11019,0.1752665,0.1402132,0.1402132
11020,0.0041279807,0.12,0.12
11021,0.029340979,0.12,0.12
11022,0.16315027,0.13052021,0.13052021
11023,0.05003789,0.12,0.12
11024,0.059271295,0.12,0.12
11025,0.02966331,0.12,0.12
11026,0.20896316,0.16717052,0.16717052
11027,0.16676992,0.13341594,0.13341594
11028,0.2244984,0.17959873,0.17959873
11029,0.19481081,0.15584865,0.15584865
11030,0.17000166,0.13600133,0.13600133
11031,0.001415213,0.12,0.12
11032,0.0040887846,0.12,0.12
11033,0.022722658,0.12,0.12
11034,0.16234683,0.12987746,0.12987746
11035,0.1648236,0.13185889,0.13185889
11036,0.192341,0.1538728,0.1538728
11037,0.1855649,0.14845192,0.14845192
11038,0.19999166,0.15999334,0.15999334
11039,0.0001541125,0.12,0.12
11040,0.0018955835,0.12,0.12
11041,0.1196516,0.12,0.12
11042,0.09600392,0.12,0.12
11043,0.078836404,0.12,0.12
11044,0.1763921,0.14111368,0.14111368
11045,0.16002166,0.12801734,0.12801734
11046,0.018390693,0.12,0.12
11047,0.1913593,0.15308744,0.15308744
11048,0.0032203833,0.12,0.12
11049,0.043100398,0.12,0.12
11050,0.17639984,0.14111988,0.14111988
11051,0.18605268,0.14884214,0.14884214
11052,0.001417417,0.12,0.12
11053,0.15686716,0.12549374,0.12549374
11054,0.17035496,0.13628398,0.13628398
11055,0.18142855,0.14514284,0.14514284
11056,0.19276743,0.15421395,0.15421395
11057,0.08083924,0.12,0.12
11058,0.18735367,0.14988294,0.14988294
